id;userName;userEmail;currentAddress;permanentAddress
1;Alex Fabián Melo Gómez;alexfabianmelo12@hotmail.com;Calle 28 # 01 - 26 San Fernando;Calle 28 # 01 - 26 San Fernando
2;Diego Alexander Diaz Velandia;divher566@gmail.com;Calle 12 # 12 - 16 Centro;Calle 12 # 01 - 16 Centro
3;Sergio Andrés Blanco Garcia;sergio2000@hotmail.com;Carrera 22 # 04 - 12 Santa Anita;Carrera 22 # 04 - 12 Santa Anita
4;David Esteban Cubillos Giraldo;daviidcubillos@gmail.com;Calle 20 # 20 - 12 Manila ;Calle 20 # 20 - 12 Manila 
5;David Esteban Cubillos Giraldo;daviidcubillos@gmail.com;Calle 20 # 20 - 12 Manila ;Calle 20 # 20 - 12 Manila 
6;Sergio Andrés Blanco Garcia;sergio2000@hotmail.com;Carrera 22 # 04 - 12 Santa Anita;Carrera 22 # 04 - 12 Santa Anita
7;Diego Alexander Diaz Velandia;divher566@gmail.com;Calle 12 # 12 - 16 Centro;Calle 12 # 01 - 16 Centro
8;Alex Fabián Melo Gómez;alexfabianmelo12@hotmail.com;Calle 28 # 01 - 26 San Fernando;Calle 28 # 01 - 26 San Fernando
